Product ID,Product Name,Category,Supplier,Country of Origin,Quantity,Import Price,Export Price,Import Date,Export Date,Status
P001,Mobile Phone,electronic,rst co.,Canada,0,1500000,1500000,07-08-2025,07-08-2025,Exported
P002,Car,Automobile,mahindra suv,india,1,3000000,,07-08-2025,,Available
P003,Gold Bar,Gold,Xyz_Jewel pvt.ltd,Dubai,0,200000,230000,07-08-2025,09-08-2025,Exported
P004,Dress,Clothing,abc co,USA,5,300000,,07-08-2025,,Available
P005,Laptop,electronic,HP Pvt. Ltd.,USA,10,8000000,,09-08-2025,,Available
P006,Car,Automobile,mahindra suv,india,1,4000000.0,,2025-09-03,,Available
